lastName,firstName,position,team,rushYards,rushTDs,recs,recYards,recTDs,passYards,passTDs,int,totalYards,totalTDs,FGAttempts,FGMade,XPTAttempts,XPTMade,DEFTDs,DEFReturnTDs,DEFSacks,DEFFumbles,DEFInterceptions,DEFSafeties,STYards,STTDs,bonusYards,bonusTDs
49ers,San Francisco,DF,SF,0,0,0,0,0,0,0,0,0,0,0,0,0,0,2,0,32,14,13,0,0,0,0,0
Bears,Chicago,DF,CHI,0,0,0,0,0,0,0,0,0,0,0,0,0,0,2,2,42,14,8,1,0,0,0,0
Bengals,Cincinnati,DF,CIN,0,0,0,0,0,0,0,0,0,0,0,0,0,0,3,0,41,4,13,0,0,0,0,0
Bills,Buffalo,DF,BUF,0,0,0,0,0,0,0,0,0,0,0,0,0,0,3,0,27,7,18,0,0,0,0,0
Broncos,Denver,DF,DEN,0,0,0,0,0,0,0,0,0,0,0,0,0,0,4,1,36,10,13,0,0,0,0,0
Browns,Cleveland,DF,CLE,0,0,0,0,0,0,0,0,0,0,0,0,0,0,1,0,35,7,7,0,0,0,0,0
Buccaneers,Tampa Bay,DF,TB,0,0,0,0,0,0,0,0,0,0,0,0,0,0,2,1,31,10,12,0,0,0,0,0
Cardinals,Arizona,DF,ARI,0,0,0,0,0,0,0,0,0,0,0,0,0,0,2,0,36,6,15,0,0,0,0,0
Chargers,Angeles,DF,LAC,0,0,0,0,0,0,0,0,0,0,0,0,0,0,2,1,44,10,16,1,0,0,0,0
Chiefs,Kansas City,DF,KC,0,0,0,0,0,0,0,0,0,0,0,0,0,0,3,1,31,10,16,0,0,0,0,0
Colts,Indianapolis,DF,IND,0,0,0,0,0,0,0,0,0,0,0,0,0,0,1,0,25,6,11,1,0,0,0,0
Cowboys,Dallas,DF,DAL,0,0,0,0,0,0,0,0,0,0,0,0,0,0,1,0,35,10,9,0,0,0,0,0
Dolphins,Miami,DF,MIA,0,0,0,0,0,0,0,0,0,0,0,0,0,0,3,0,30,6,10,2,0,0,0,0
Eagles,Philadelphia,DF,PHI,0,0,0,0,0,0,0,0,0,0,0,0,0,0,5,0,40,13,20,1,0,0,0,0
Falcons,Atlanta,DF,ATL,0,0,0,0,0,0,0,0,0,0,0,0,0,0,2,0,39,8,8,0,0,0,0,0
Giants,New York,DF,NYG,0,0,0,0,0,0,0,0,0,0,0,0,0,0,2,0,28,5,11,0,0,0,0,0
Jaguars,Jacksonville,DF,JAC,0,0,0,0,0,0,0,0,0,0,0,0,0,0,7,1,55,12,21,0,0,0,0,0
Jets,New York,DF,NYJ,0,0,0,0,0,0,0,0,0,0,0,0,0,0,0,0,27,8,11,0,0,0,0,0
Lions,Detroit,DF,DET,0,0,0,0,0,0,0,0,0,0,0,0,0,0,4,0,34,12,17,0,0,0,0,0
Packers,Green Bay,DF,GB,0,0,0,0,0,0,0,0,0,0,0,0,0,0,2,0,35,10,10,0,0,0,0,0
Panthers,Carolina,DF,CAR,0,0,0,0,0,0,0,0,0,0,0,0,0,0,1,2,50,11,10,0,0,0,0,0
Patriots,New England,DF,NE,0,0,0,0,0,0,0,0,0,0,0,0,0,0,3,0,38,8,12,1,0,0,0,0
Raiders,Oakland,DF,OAK,0,0,0,0,0,0,0,0,0,0,0,0,0,0,1,0,36,10,6,0,0,0,0,0
Rams,Los Angeles,DF,LAR,0,0,0,0,0,0,0,0,0,0,0,0,0,0,6,1,47,12,19,1,0,0,0,0
Ravens,Baltimore,DF,BAL,0,0,0,0,0,0,0,0,0,0,0,0,0,0,3,0,38,12,21,0,0,0,0,0
Redskins,Washington,DF,WAS,0,0,0,0,0,0,0,0,0,0,0,0,0,0,2,0,42,7,16,0,0,0,0,0
Saints,New Orleans,DF,NO,0,0,0,0,0,0,0,0,0,0,0,0,0,0,4,0,40,6,20,0,0,0,0,0
Seahawks,Seattle,DF,SEA,0,0,0,0,0,0,0,0,0,0,0,0,0,0,2,1,32,10,10,0,0,0,0,0
Steelers,Pittsburgh,DF,PIT,0,0,0,0,0,0,0,0,0,0,0,0,0,0,0,1,56,6,16,1,0,0,0,0
Texans,Houston,DF,HOU,0,0,0,0,0,0,0,0,0,0,0,0,0,0,4,1,39,10,16,1,0,0,0,0
Titans,Tennessee,DF,TEN,0,0,0,0,0,0,0,0,0,0,0,0,0,0,2,0,40,9,14,0,0,0,0,0
Vikings,Minnesota,DF,MIN,0,0,0,0,0,0,0,0,0,0,0,0,0,0,4,0,40,12,16,1,0,0,0,0
Aguayo,Robert,PK,LAC,0,0,0,0,0,0,0,0,0,0,14,10,21,20,0,0,0,0,0,0,0,0,0,0
Bailey,Dan,PK,DAL,0,0,0,0,0,0,0,0,0,0,33,26,39,37,0,0,0,0,0,0,0,0,0,0
Boswell,Chris,PK,PIT,0,0,0,0,0,0,0,0,0,0,37,33,35,35,0,0,0,0,0,0,0,0,0,0
Bryant,Matt,PK,ATL,0,0,0,0,0,0,0,0,0,0,35,30,48,45,0,0,0,0,0,0,0,0,0,3
Bullock,Randy,PK,CIN,0,0,0,0,0,0,0,0,0,0,19,17,36,34,0,0,0,0,0,0,0,0,0,0
Butker,Harrison,PK,KC,0,0,0,0,0,0,0,0,0,0,35,30,43,41,0,0,0,0,0,0,0,0,0,0
Carlson,Daniel,PK,MIN,0,0,0,0,0,0,0,0,0,0,34,30,45,40,0,0,0,0,0,0,0,0,0,0
Catanzaro,Chandler,PK,TB,0,0,0,0,0,0,0,0,0,0,38,29,41,38,0,0,0,0,0,0,0,0,0,0
Crosby,Mason,PK,GB,0,0,0,0,0,0,0,0,0,0,25,21,49,47,0,0,0,0,0,0,0,0,0,0
Dawson,Phil,PK,ARI,0,0,0,0,0,0,0,0,0,0,37,29,40,37,0,0,0,0,0,0,0,0,0,0
Elliott,Jake,PK,PHI,0,0,0,0,0,0,0,0,0,0,40,35,41,39,0,0,0,0,0,0,0,0,0,0
Fairbairn,Ka'imi,PK,HOU,0,0,0,0,0,0,0,0,0,0,29,24,48,45,0,0,0,0,0,0,0,0,0,0
Gano,Graham,PK,CAR,0,0,0,0,0,0,0,0,0,0,32,31,39,37,0,0,0,0,0,0,0,0,0,0
Gonzalez,Zane,PK,CLE,0,0,0,0,0,0,0,0,0,0,21,16,34,33,0,0,0,0,0,0,0,0,0,0
Gostkowski,Steven,PK,NE,0,0,0,0,0,0,0,0,0,0,39,37,41,41,0,0,0,0,0,0,0,0,0,0
Gould,Robbie,PK,SF,0,0,0,0,0,0,0,0,0,0,28,25,41,39,0,0,0,0,0,0,0,0,0,0
Hauschka,Steve,PK,BUF,0,0,0,0,0,0,0,0,0,0,32,28,42,38,0,0,0,0,0,0,0,0,0,0
Hopkins,Dustin,PK,WAS,0,0,0,0,0,0,0,0,0,0,31,25,44,40,0,0,0,0,0,0,0,0,0,0
Janikowski,Sebastian,PK,SEA,0,0,0,0,0,0,0,0,0,0,28,20,41,40,0,0,0,0,0,0,0,0,0,0
Lambo,Josh,PK,JAC,0,0,0,0,0,0,0,0,0,0,34,29,41,40,0,0,0,0,0,0,0,0,0,0
Lutz,Wil,PK,NO,0,0,0,0,0,0,0,0,0,0,35,30,38,38,0,0,0,0,0,0,0,0,0,0
McManus,Brandon,PK,DEN,0,0,0,0,0,0,0,0,0,0,33,25,33,33,0,0,0,0,0,0,0,0,0,0
Meyers,Jason,PK,NYJ,0,0,0,0,0,0,0,0,0,0,14,12,17,16,0,0,0,0,0,0,0,0,0,0
Parkey,Cody,PK,CHI,0,0,0,0,0,0,0,0,0,0,20,15,30,30,0,0,0,0,0,0,0,0,0,0
Pineiro,Eddy,PK,OAK,0,0,0,0,0,0,0,0,0,0,21,16,41,40,0,0,0,0,0,0,0,0,0,0
Prater,Matt,PK,DET,0,0,0,0,0,0,0,0,0,0,33,28,35,32,0,0,0,0,0,0,0,0,0,0
Rosas,Aldrick,PK,NYG,0,0,0,0,0,0,0,0,0,0,33,26,43,40,0,0,0,0,0,0,0,0,0,0
Sanders,Jason,PK,MIA,0,0,0,0,0,0,0,0,0,0,22,20,38,35,0,0,0,0,0,0,0,0,0,0
Sturgis,Caleb,PK,LAC,0,0,0,0,0,0,0,0,0,0,15,11,20,19,0,0,0,0,0,0,0,0,0,0
Succop, Ryan,PK,TEN,0,0,0,0,0,0,0,0,0,0,35,28,46,41,0,0,0,0,0,0,0,0,0,0
Tucker,Justin,PK,BAL,0,0,0,0,0,0,0,0,0,0,34,32,45,42,0,0,0,0,0,0,0,0,0,0
Vinatieri,Adam,PK,IND,0,0,0,0,0,0,0,0,0,0,33,28,32,32,0,0,0,0,0,0,0,0,0,0
Zeuerlein,Greg,PK,LAR,0,0,0,0,0,0,0,0,0,0,37,32,51,49,0,0,0,0,0,0,0,0,0,0
Allen,Josh,QB,BUF,70,0,0,0,0,3200,18,15,3270,18,0,0,0,0,0,0,0,0,0,0,0,0,2,1
Bortles,Blake,QB,JAC,270,1,0,0,0,3850,24,12,4120,25,0,0,0,0,0,0,0,0,0,0,0,0,5,5
Bradford,Sam,QB,ARI,30,0,0,0,0,2000,14,11,2030,14,0,0,0,0,0,0,0,0,0,0,0,0,3,1
Brady,Tom,QB,NE,60,1,0,0,0,4500,33,7,4560,34,0,0,0,0,0,0,0,0,0,0,0,0,6,4
Brees,Drew,QB,NO,10,2,0,0,0,4500,26,8,4510,28,0,0,0,0,0,0,0,0,0,0,0,0,4,6
Carr,Derek,QB,OAK,60,0,0,0,0,4000,28,14,4060,28,0,0,0,0,0,0,0,0,0,0,0,0,5,5
Cousins,Kirk,QB,MIN,80,2,0,0,0,4200,27,12,4280,29,0,0,0,0,0,0,0,0,0,0,0,0,4,4
Dalton,Andy,QB,CIN,110,0,0,0,0,3600,25,11,3710,25,0,0,0,0,0,0,0,0,0,0,0,0,1,5
Darnold,Sam,QB,NYJ,100,1,0,0,0,2400,13,12,2500,14,0,0,0,0,0,0,0,0,0,0,0,0,2,0
Fitzpatrick,Ryan,QB,TB,10,0,0,0,0,700,5,2,710,5,0,0,0,0,0,0,0,0,0,0,0,0,0,0
Flacco,Joe,QB,BAL,50,0,0,0,0,3400,16,7,3450,16,0,0,0,0,0,0,0,0,0,0,0,0,2,2
Foles,Nick,QB,PHI,20,0,0,0,0,350,2,1,370,2,0,0,0,0,0,0,0,0,0,0,0,0,0,0
Garoppolo,Jimmy,QB,SF,90,1,0,0,0,3980,28,16,4070,29,0,0,0,0,0,0,0,0,0,0,0,0,6,7
Goff,Jared,QB,LAR,50,0,0,0,0,4260,30,8,4310,30,0,0,0,0,0,0,0,0,0,0,0,0,7,8
Jackson,Lamar,QB,BAL,450,5,0,0,0,800,8,8,1250,13,0,0,0,0,0,0,0,0,0,0,0,0,1,2
Keenum,Case,QB,DEN,150,0,0,0,0,3760,24,10,3910,24,0,0,0,0,0,0,0,0,0,0,0,0,4,2
Luck,Andrew,QB,IND,110,1,0,0,0,4100,26,19,4210,27,0,0,0,0,0,0,0,0,0,0,0,0,2,1
Mahomes,Patrick,QB,KC,280,0,0,0,0,3900,26,16,4180,26,0,0,0,0,0,0,0,0,0,0,0,0,6,6
Manning,Eli,QB,NYG,30,0,0,0,0,3800,23,15,3830,23,0,0,0,0,0,0,0,0,0,0,0,0,7,5
Mariota ,Marcus,QB,TEN,300,2,0,0,0,3800,25,12,4100,27,0,0,0,0,0,0,0,0,0,0,0,0,4,5
Mayfield,Baker,QB,CLE,150,1,0,0,0,1750,12,6,1900,13,0,0,0,0,0,0,0,0,0,0,0,0,5,4
McCown,Josh,QB,NYJ,80,2,0,0,0,1300,7,3,1380,9,0,0,0,0,0,0,0,0,0,0,0,0,0,3
Newton,Cam,QB,CAR,650,5,0,0,0,3600,23,15,4250,28,0,0,0,0,0,0,0,0,0,0,0,0,3,4
Prescott,Dak,QB,DAL,320,6,0,0,0,3350,21,16,3670,27,0,0,0,0,0,0,0,0,0,0,0,0,2,2
Rivers,Philip,QB,LAC,10,0,0,0,0,4400,30,10,4410,30,0,0,0,0,0,0,0,0,0,0,0,0,6,5
Rodgers,Aaron,QB,GB,300,3,0,0,0,4400,36,6,4700,39,0,0,0,0,0,0,0,0,0,0,0,0,10,8
Roethlisberger,Ben,QB,PIT,20,0,0,0,0,4350,30,15,4370,30,0,0,0,0,0,0,0,0,0,0,0,0,5,7
Rosen ,Josh,QB,ARI,40,0,0,0,0,1700,5,8,1740,5,0,0,0,0,0,0,0,0,0,0,0,0,2,1
Ryan,Matt,QB,ATL,130,1,0,0,0,4300,25,13,4430,26,0,0,0,0,0,0,0,0,0,0,0,0,4,0
Smith,Alex,QB,WAS,250,1,0,0,0,3900,25,8,4150,26,0,0,0,0,0,0,0,0,0,0,0,0,5,5
Stafford,Matthew,QB,DET,100,1,0,0,0,4400,28,10,4500,29,0,0,0,0,0,0,0,0,0,0,0,0,5,6
Tannehill,Ryan,QB,MIA,60,1,0,0,0,3600,23,13,3660,24,0,0,0,0,0,0,0,0,0,0,0,0,4,2
Taylor,Tyrod,QB,CLE,250,2,0,0,0,1800,10,4,2050,12,0,0,0,0,0,0,0,0,0,0,0,0,0,1
Trubisky,Mitchell,QB,CHI,110,1,0,0,0,3700,22,17,3810,23,0,0,0,0,0,0,0,0,0,0,0,0,3,3
Watson,Deshaun,QB,HOU,400,2,0,0,0,4000,35,14,4400,37,0,0,0,0,0,0,0,0,0,0,0,0,7,6
Wentz,Carson,QB,PHI,100,0,0,0,0,4000,35,10,4100,35,0,0,0,0,0,0,0,0,0,0,0,0,6,6
Wilson,Russell,QB,SEA,550,4,0,0,0,4060,28,7,4610,32,0,0,0,0,0,0,0,0,0,0,0,0,3,5
Winston,Jameis,QB,TB,100,2,0,0,0,3350,24,9,3450,26,0,0,0,0,0,0,0,0,0,0,0,0,6,3
Abdullah,Ameer,RB,DET,50,0,0,0,0,0,0,0,50,0,0,0,0,0,0,0,0,0,0,0,100,0,0,0
Ajayi,Jay,RB,PHI,1080,7,35,300,1,0,0,0,1380,8,0,0,0,0,0,0,0,0,0,0,0,0,3,0
Allen,Javorius,RB,BAL,280,3,40,320,1,0,0,0,600,4,0,0,0,0,0,0,0,0,0,0,0,0,1,0
Anderson,C.J.,RB,CAR,510,3,14,80,1,0,0,0,590,4,0,0,0,0,0,0,0,0,0,0,0,0,0,0
Artis-Payne,Cameron,RB,CAR,100,1,0,0,0,0,0,0,100,1,0,0,0,0,0,0,0,0,0,0,100,0,0,0
Ballage,Kalen,RB,MIA,220,2,26,270,1,0,0,0,490,3,0,0,0,0,0,0,0,0,0,0,50,0,0,0
Barber,Peyton,RB,TB,800,5,30,240,0,0,0,0,1040,5,0,0,0,0,0,0,0,0,0,0,0,0,0,0
Barkley,Saquon,RB,NYG,1350,10,42,410,2,0,0,0,1760,12,0,0,0,0,0,0,0,0,0,0,0,0,8,2
Bell,Le'Veon,RB,PIT,1280,10,85,660,2,0,0,0,1940,12,0,0,0,0,0,0,0,0,0,0,0,0,9,2
Bernard ,Giovani,RB,CIN,380,2,45,360,2,0,0,0,740,4,0,0,0,0,0,0,0,0,0,0,20,0,0,0
Blount ,LeGarrette,RB,DET,360,2,3,20,0,0,0,0,380,2,0,0,0,0,0,0,0,0,0,0,0,0,0,0
Booker ,Devontae,RB,DEN,420,3,35,300,1,0,0,0,720,4,0,0,0,0,0,0,0,0,0,0,250,0,0,0
Breida,Matt,RB,SF,450,3,30,250,1,0,0,0,700,4,0,0,0,0,0,0,0,0,0,0,100,0,0,0
Burkhead ,Rex,RB,NE,450,5,25,200,1,0,0,0,650,6,0,0,0,0,0,0,0,0,0,0,150,0,0,0
Carson ,Christopher,RB,SEA,640,5,28,200,0,0,0,0,840,5,0,0,0,0,0,0,0,0,0,0,0,0,0,0
Chubb ,Nick,RB,CLE,640,4,15,110,1,0,0,0,750,5,0,0,0,0,0,0,0,0,0,0,0,0,3,1
Clement,Corey,RB,PHI,470,3,22,160,2,0,0,0,630,5,0,0,0,0,0,0,0,0,0,0,50,0,2,2
Cohen,Tarik,RB,CHI,360,1,55,490,3,0,0,0,850,4,0,0,0,0,0,0,0,0,0,0,650,1,1,1
Coleman,Tevin,RB,ATL,680,6,40,400,2,0,0,0,1080,8,0,0,0,0,0,0,0,0,0,0,0,0,1,0
Collins,Alex,RB,BAL,1130,7,40,300,1,0,0,0,1430,8,0,0,0,0,0,0,0,0,0,0,50,0,2,0
Conner ,James,RB,PIT,300,2,15,120,0,0,0,0,420,2,0,0,0,0,0,0,0,0,0,0,0,0,0,0
Cook,Dalvin,RB,MIN,1200,9,46,440,2,0,0,0,1640,11,0,0,0,0,0,0,0,0,0,0,0,0,8,1
Crowell,Isaiah,RB,NYJ,940,6,30,260,1,0,0,0,1200,7,0,0,0,0,0,0,0,0,0,0,0,0,0,0
Dixon,Kenneth,RB,BAL,150,1,10,60,0,0,0,0,210,1,0,0,0,0,0,0,0,0,0,0,0,0,0,0
Drake,Kenyan,RB,MIA,900,5,28,260,1,0,0,0,1160,6,0,0,0,0,0,0,0,0,0,0,100,0,3,1
Edmonds,Chase,RB,ARI,380,3,15,130,0,0,0,0,510,3,0,0,0,0,0,0,0,0,0,0,200,0,0,0
Ekeler,Austin,RB,LAC,250,1,25,240,2,0,0,0,490,3,0,0,0,0,0,0,0,0,0,0,100,0,0,0
Elliott,Ezekiel,RB,DAL,1450,14,49,520,3,0,0,0,1970,17,0,0,0,0,0,0,0,0,0,0,0,0,9,1
Foreman ,D'Onta,RB,HOU,550,4,12,80,0,0,0,0,630,4,0,0,0,0,0,0,0,0,0,0,0,0,0,0
Fournette,Leonard,RB,JAC,1180,10,40,340,1,0,0,0,1520,11,0,0,0,0,0,0,0,0,0,0,0,0,8,2
Freeman,Devonta,RB,ATL,960,7,36,320,3,0,0,0,1280,10,0,0,0,0,0,0,0,0,0,0,0,0,4,1
Freeman ,Royce,RB,DEN,1120,6,30,220,1,0,0,0,1340,7,0,0,0,0,0,0,0,0,0,0,0,0,4,1
Gallman ,Wayne,RB,NYG,260,2,20,150,0,0,0,0,410,2,0,0,0,0,0,0,0,0,0,0,0,0,0,0
Gordon,Melvin,RB,LAC,1200,9,57,460,3,0,0,0,1660,12,0,0,0,0,0,0,0,0,0,0,0,0,7,1
Gore ,Frank,RB,MIA,700,4,22,170,0,0,0,0,870,4,0,0,0,0,0,0,0,0,0,0,0,0,0,0
Grant,Corey,RB,JAC,150,1,6,50,0,0,0,0,200,1,0,0,0,0,0,0,0,0,0,0,450,1,0,0
Gurley,Todd,RB,LAR,1400,14,60,700,6,0,0,0,2100,20,0,0,0,0,0,0,0,0,0,0,0,0,14,3
Henry,Derrick,RB,TEN,1060,8,20,160,1,0,0,0,1220,9,0,0,0,0,0,0,0,0,0,0,0,0,6,2
Hill ,Jeremy,RB,NE,200,0,1,10,0,0,0,0,210,0,0,0,0,0,0,0,0,0,0,0,0,0,0,0
Hines ,Nyheim,RB,IND,200,1,38,310,2,0,0,0,510,3,0,0,0,0,0,0,0,0,0,0,0,0,1,0
Howard,Jordan,RB,CHI,1200,9,36,320,1,0,0,0,1520,10,0,0,0,0,0,0,0,0,0,0,0,0,5,2
Hunt,Kareem,RB,KC,1320,10,50,460,2,0,0,0,1780,12,0,0,0,0,0,0,0,0,0,0,0,0,9,2
Hyde,Carlos,RB,CLE,770,6,18,110,0,0,0,0,880,6,0,0,0,0,0,0,0,0,0,0,0,0,1,0
Ingram,Mark,RB,NO,750,9,40,310,1,0,0,0,1060,10,0,0,0,0,0,0,0,0,0,0,0,0,6,2
Ivory ,Chris,RB,BUF,450,3,30,260,1,0,0,0,710,4,0,0,0,0,0,0,0,0,0,0,0,0,0,0
Jackson,Justin,RB,LAC,100,0,5,40,0,0,0,0,140,0,0,0,0,0,0,0,0,0,0,0,0,0,0,0
Johnson,David,RB,ARI,950,10,86,910,2,0,0,0,1860,12,0,0,0,0,0,0,0,0,0,0,0,0,7,2
Johnson,Duke,RB,CLE,180,2,60,560,2,0,0,0,740,4,0,0,0,0,0,0,0,0,0,0,30,0,2,0
Johnson,Kerryon,RB,DET,880,5,26,230,0,0,0,0,1110,5,0,0,0,0,0,0,0,0,0,0,0,0,3,1
Jones,Aaron,RB,GB,550,4,12,80,1,0,0,0,630,5,0,0,0,0,0,0,0,0,0,0,0,0,1,1
Jones,Ronald,RB,TB,610,4,22,160,0,0,0,0,770,4,0,0,0,0,0,0,0,0,0,0,0,0,5,1
Kamara,Alvin,RB,NO,830,9,86,900,5,0,0,0,1730,14,0,0,0,0,0,0,0,0,0,0,150,0,8,3
Kelley,Rob,RB,WAS,400,2,18,130,1,0,0,0,530,3,0,0,0,0,0,0,0,0,0,0,50,0,0,0
Kelly,John,RB,LAR,200,2,10,60,0,0,0,0,260,2,0,0,0,0,0,0,0,0,0,0,0,0,0,0
Lewis ,Dion,RB,TEN,500,3,42,380,2,0,0,0,880,5,0,0,0,0,0,0,0,0,0,0,0,0,0,0
Lynch,Marshawn,RB,OAK,750,7,14,100,1,0,0,0,850,8,0,0,0,0,0,0,0,0,0,0,0,0,3,0
Mack,Marlon,RB,IND,740,4,20,140,0,0,0,0,880,4,0,0,0,0,0,0,0,0,0,0,50,0,0,0
Martin ,Doug,RB,OAK,580,4,23,190,1,0,0,0,770,5,0,0,0,0,0,0,0,0,0,0,0,0,1,0
McCaffrey,Christian,RB,CAR,740,4,80,650,5,0,0,0,1390,9,0,0,0,0,0,0,0,0,0,0,210,0,3,1
McCoy,LeSean,RB,BUF,1100,6,38,300,2,0,0,0,1400,8,0,0,0,0,0,0,0,0,0,0,0,0,7,0
McGuire,Elijah,RB,NYJ,210,1,18,140,0,0,0,0,350,1,0,0,0,0,0,0,0,0,0,0,100,0,0,0
McKinnon,Jerick,RB,SF,750,7,60,450,2,0,0,0,1200,9,0,0,0,0,0,0,0,0,0,0,0,0,4,1
Michel,Sony,RB,NE,850,6,24,160,1,0,0,0,1010,7,0,0,0,0,0,0,0,0,0,0,0,0,5,1
Miller,Lamar,RB,HOU,810,5,38,340,2,0,0,0,1150,7,0,0,0,0,0,0,0,0,0,0,0,0,1,0
Mixon,Joe,RB,CIN,990,7,38,320,1,0,0,0,1310,8,0,0,0,0,0,0,0,0,0,0,0,0,6,1
Montgomery ,Ty,RB,GB,320,2,38,430,2,0,0,0,750,4,0,0,0,0,0,0,0,0,0,0,0,0,0,0
Morris,Alfred,RB,SF,200,2,5,40,0,0,0,0,240,2,0,0,0,0,0,0,0,0,0,0,0,0,0,0
Murray,Latavius,RB,MIN,300,2,15,90,0,0,0,0,390,2,0,0,0,0,0,0,0,0,0,0,0,0,0,0
Penny,Rashaad,RB,SEA,720,5,24,180,0,0,0,0,900,5,0,0,0,0,0,0,0,0,0,0,0,0,5,1
Perine,Samaje,RB,WAS,380,3,10,80,0,0,0,0,460,3,0,0,0,0,0,0,0,0,0,0,50,0,0,0
Peterson,Adrian,RB,WAS,830,6,15,110,0,0,0,0,940,6,0,0,0,0,0,0,0,0,0,0,150,0,3,0
Powell,Bilal,RB,NYJ,350,2,29,260,1,0,0,0,610,3,0,0,0,0,0,0,0,0,0,0,0,0,5,2
Prosise,C.J.,RB,SEA,50,0,0,0,0,0,0,0,50,0,0,0,0,0,0,0,0,0,0,0,0,0,0,0
Pumphrey,Donald,RB,PHI,50,0,0,0,0,0,0,0,50,0,0,0,0,0,0,0,0,0,0,0,120,0,0,0
Richard,Jalen,RB,OAK,150,1,22,160,1,0,0,0,310,2,0,0,0,0,0,0,0,0,0,0,260,0,0,0
Riddick ,Theo,RB,DET,100,0,50,410,4,0,0,0,510,4,0,0,0,0,0,0,0,0,0,0,0,0,0,0
Rodgers,Jacquizz,RB,TB,100,0,25,200,1,0,0,0,300,1,0,0,0,0,0,0,0,0,0,0,250,0,0,0
Scarbrough,Bo,RB,DAL,100,0,2,10,0,0,0,0,110,0,0,0,0,0,0,0,0,0,0,0,0,0,0,0
Scott,Boston,RB,NO,150,1,3,20,0,0,0,0,170,1,0,0,0,0,0,0,0,0,0,0,0,0,0,0
Smith,Rod,RB,DAL,210,3,15,110,0,0,0,0,320,3,0,0,0,0,0,0,0,0,0,0,0,0,0,0
Smith ,Ito,RB,ATL,100,0,12,80,0,0,0,0,180,0,0,0,0,0,0,0,0,0,0,0,0,0,0,0
Sproles ,Darren,RB,PHI,110,0,20,120,1,0,0,0,230,1,0,0,0,0,0,0,0,0,0,0,0,0,0,0
Stewart,Jonathan,RB,NYG,120,1,5,40,0,0,0,0,160,1,0,0,0,0,0,0,0,0,0,0,0,0,0,0
Thompson,Chris,RB,WAS,400,2,35,410,2,0,0,0,810,4,0,0,0,0,0,0,0,0,0,0,150,0,3,0
Ware,Spencer,RB,KC,290,2,16,130,0,0,0,0,420,2,0,0,0,0,0,0,0,0,0,0,40,0,0,0
White,James,RB,NE,240,1,51,440,4,0,0,0,680,5,0,0,0,0,0,0,0,0,0,0,20,0,0,0
Wilkins,Jordan,RB,IND,480,4,20,140,0,0,0,0,620,4,0,0,0,0,0,0,0,0,0,0,0,0,0,0
Williams,Jamaal,RB,GB,700,5,20,170,2,0,0,0,870,7,0,0,0,0,0,0,0,0,0,0,0,0,1,0
Williams,Jonathan,RB,NO,350,2,4,20,0,0,0,0,370,2,0,0,0,0,0,0,0,0,0,0,0,0,0,0
Yeldon,T.J.,RB,JAC,100,1,36,240,2,0,0,0,340,3,0,0,0,0,0,0,0,0,0,0,0,0,0,0
Andrews ,Mark,TE,BAL,0,0,30,310,2,0,0,0,310,2,0,0,0,0,0,0,0,0,0,0,0,0,0,0
Brate,Cameron,TE,TB,0,0,34,400,3,0,0,0,400,3,0,0,0,0,0,0,0,0,0,0,0,0,0,0
Burton,Trey,TE,CHI,0,0,70,670,6,0,0,0,670,6,0,0,0,0,0,0,0,0,0,0,0,0,0,0
Butt,Jake,TE,DEN,0,0,49,460,3,0,0,0,460,3,0,0,0,0,0,0,0,0,0,0,0,0,0,0
Celek,Garrett,TE,SF,0,0,26,330,3,0,0,0,330,3,0,0,0,0,0,0,0,0,0,0,0,0,0,0
Clay ,Charles,TE,BUF,0,0,50,550,2,0,0,0,550,2,0,0,0,0,0,0,0,0,0,0,0,0,0,0
Conklin,Tyler,TE,MIN,0,0,12,80,0,0,0,0,80,0,0,0,0,0,0,0,0,0,0,0,0,0,0,0
Cook,Jared,TE,OAK,0,0,48,500,3,0,0,0,500,3,0,0,0,0,0,0,0,0,0,0,0,0,0,0
Davis,Vernon,TE,WAS,0,0,32,320,2,0,0,0,320,2,0,0,0,0,0,0,0,0,0,0,0,0,2,1
Dickson,Ed,TE,SEA,0,0,20,160,1,0,0,0,160,1,0,0,0,0,0,0,0,0,0,0,0,0,0,0
Doyle,Jack,TE,IND,0,0,45,410,5,0,0,0,410,5,0,0,0,0,0,0,0,0,0,0,0,0,0,0
Ebron,Eric,TE,IND,0,0,50,500,4,0,0,0,500,4,0,0,0,0,0,0,0,0,0,0,0,0,0,0
Eifert ,Tyler,TE,CIN,0,0,45,500,5,0,0,0,500,5,0,0,0,0,0,0,0,0,0,0,0,0,0,0
Engram ,Evan,TE,NYG,0,0,55,680,7,0,0,0,680,7,0,0,0,0,0,0,0,0,0,0,0,0,1,0
Ertz,Zach,TE,PHI,0,0,75,850,9,0,0,0,850,9,0,0,0,0,0,0,0,0,0,0,0,0,2,2
Everett,Gerald,TE,LAR,0,0,33,420,3,0,0,0,420,3,0,0,0,0,0,0,0,0,0,0,0,0,0,0
Gates,Antonio,TE,FA,0,0,30,360,2,0,0,0,360,2,0,0,0,0,0,0,0,0,0,0,0,0,0,0
Gesicki,Mike,TE,MIA,0,0,40,450,4,0,0,0,450,4,0,0,0,0,0,0,0,0,0,0,0,0,0,0
Goedert,Dallas,TE,PHI,0,0,33,300,6,0,0,0,300,6,0,0,0,0,0,0,0,0,0,0,0,0,0,1
Graham,Jimmy,TE,GB,0,0,70,900,8,0,0,0,900,8,0,0,0,0,0,0,0,0,0,0,0,0,2,2
Green,Virgil,TE,LAC,0,0,40,360,3,0,0,0,360,3,0,0,0,0,0,0,0,0,0,0,0,0,1,2
Gresham,Jermaine,TE,ARI,0,0,28,260,1,0,0,0,260,1,0,0,0,0,0,0,0,0,0,0,0,0,0,0
Griffin,Ryan,TE,HOU,0,0,25,300,1,0,0,0,300,1,0,0,0,0,0,0,0,0,0,0,0,0,0,0
Gronkowski,Rob,TE,NE,0,0,75,1000,9,0,0,0,1000,9,0,0,0,0,0,0,0,0,0,0,0,0,4,2
Heurman,Jeff,TE,DEN,0,0,15,110,1,0,0,0,110,1,0,0,0,0,0,0,0,0,0,0,0,0,0,0
Higbee,Tyler,TE,LAR,0,0,16,130,1,0,0,0,130,1,0,0,0,0,0,0,0,0,0,0,0,0,0,0
Hooper,Austin,TE,ATL,0,0,48,420,3,0,0,0,420,3,0,0,0,0,0,0,0,0,0,0,0,0,1,0
Howard,O. J.,TE,TB,0,0,55,700,6,0,0,0,700,6,0,0,0,0,0,0,0,0,0,0,0,0,2,0
Hurst,Hayden,TE,BAL,0,0,40,350,3,0,0,0,350,3,0,0,0,0,0,0,0,0,0,0,0,0,0,0
Jarwin,Blake,TE,DAL,0,0,29,260,1,0,0,0,260,1,0,0,0,0,0,0,0,0,0,0,0,0,0,0
Kelce,Travis,TE,KC,0,0,82,1060,9,0,0,0,1060,9,0,0,0,0,0,0,0,0,0,0,0,0,4,1
Kittle,George,TE,SF,0,0,50,470,3,0,0,0,470,3,0,0,0,0,0,0,0,0,0,0,0,0,0,0
Kroft,Tyler,TE,CIN,0,0,38,350,4,0,0,0,350,4,0,0,0,0,0,0,0,0,0,0,0,0,0,0
Leggett,Jordan,TE,NYJ,0,0,31,250,2,0,0,0,250,2,0,0,0,0,0,0,0,0,0,0,0,0,0,0
McDonald ,Vance,TE,PIT,0,0,50,500,3,0,0,0,500,3,0,0,0,0,0,0,0,0,0,0,0,0,0,0
Njoku,David,TE,CLE,0,0,55,530,5,0,0,0,530,5,0,0,0,0,0,0,0,0,0,0,0,0,0,1
Olsen,Greg,TE,CAR,0,0,82,1020,5,0,0,0,1020,5,0,0,0,0,0,0,0,0,0,0,0,0,1,0
Reed ,Jordan,TE,WAS,0,0,45,500,5,0,0,0,500,5,0,0,0,0,0,0,0,0,0,0,0,0,2,1
Rudolph,Kyle,TE,MIN,0,0,58,620,7,0,0,0,620,7,0,0,0,0,0,0,0,0,0,0,0,0,`,0
Schultz,Dalton,TE,DAL,0,0,20,190,2,0,0,0,190,2,0,0,0,0,0,0,0,0,0,0,0,0,0,0
Seals-Jones,Ricky,TE,ARI,0,0,17,150,2,0,0,0,150,2,0,0,0,0,0,0,0,0,0,0,0,0,0,0
Seferian-Jenkins,Austin,TE,JAC,0,0,51,430,5,0,0,0,430,5,0,0,0,0,0,0,0,0,0,0,0,0,0,0
Shaheen,Adam,TE,CHI,0,0,12,80,1,0,0,0,80,1,0,0,0,0,0,0,0,0,0,0,0,0,0,0
Smith,Jonnu,TE,TEN,0,0,26,230,3,0,0,0,230,3,0,0,0,0,0,0,0,0,0,0,0,0,0,0
Vannett,Nick,TE,SEA,0,0,21,180,2,0,0,0,180,2,0,0,0,0,0,0,0,0,0,0,0,0,0,0
Walker,Delanie,TE,TEN,0,0,54,520,4,0,0,0,520,4,0,0,0,0,0,0,0,0,0,0,0,0,1,0
Watson ,Benjamin,TE,NO,0,0,31,300,2,0,0,0,300,2,0,0,0,0,0,0,0,0,0,0,0,0,0,0
Willson,Luke,TE,DET,0,0,32,330,3,0,0,0,330,3,0,0,0,0,0,0,0,0,0,0,0,0,0,0
Adams ,Davante,WR,GB,0,0,82,1200,10,0,0,0,1200,10,0,0,0,0,0,0,0,0,0,0,0,0,5,3
Agholor,Nelson,WR,PHI,0,0,65,880,8,0,0,0,880,8,0,0,0,0,0,0,0,0,0,0,0,0,2,2
Allen,Keenan,WR,LAC,0,0,100,1280,9,0,0,0,1280,9,0,0,0,0,0,0,0,0,0,0,0,0,7,2
Allison,Geronimo,WR,GB,0,0,35,480,3,0,0,0,480,3,0,0,0,0,0,0,0,0,0,0,20,0,1,0
Amendola ,Danny,WR,MIA,0,0,55,530,3,0,0,0,530,3,0,0,0,0,0,0,0,0,0,0,150,0,1,0
Anderson,Robby,WR,NYJ,0,0,65,900,7,0,0,0,900,7,0,0,0,0,0,0,0,0,0,0,0,0,3,1
Austin ,Tavon,WR,DAL,0,0,28,370,2,0,0,0,370,2,0,0,0,0,0,0,0,0,0,0,50,0,0,0
Baldwin,Doug,WR,SEA,0,0,80,990,8,0,0,0,990,8,0,0,0,0,0,0,0,0,0,0,0,0,6,3
Beasley,Cole,WR,DAL,0,0,45,460,2,0,0,0,460,2,0,0,0,0,0,0,0,0,0,0,50,0,0,0
Beckham,Odell,WR,NYG,0,0,90,1370,9,0,0,0,1370,9,0,0,0,0,0,0,0,0,0,0,50,0,6,3
Benjamin,Kelvin,WR,BUF,0,0,60,890,5,0,0,0,890,5,0,0,0,0,0,0,0,0,0,0,0,0,1,0
Benjamin ,Travis,WR,LAC,0,0,20,300,2,0,0,0,300,2,0,0,0,0,0,0,0,0,0,0,150,0,0,0
Boyd,Tyler,WR,CIN,0,0,38,440,2,0,0,0,440,2,0,0,0,0,0,0,0,0,0,0,0,0,0,0
Brown,Antonio,WR,PIT,0,0,105,1550,11,0,0,0,1550,11,0,0,0,0,0,0,0,0,0,0,0,0,8,3
Brown ,Jaron,WR,SEA,0,0,20,300,0,0,0,0,300,0,0,0,0,0,0,0,0,0,0,0,0,0,0,0
Brown ,John,WR,BAL,0,0,56,910,4,0,0,0,910,4,0,0,0,0,0,0,0,0,0,0,0,0,1,1
Bryant,Dez,WR,FA,0,0,45,680,5,0,0,0,680,5,0,0,0,0,0,0,0,0,0,0,0,0,0,0
Bryant ,Martavis,WR,OAK,0,0,40,520,4,0,0,0,520,4,0,0,0,0,0,0,0,0,0,0,100,0,1,1
Butler ,Brice,WR,ARI,0,0,36,550,2,0,0,0,550,2,0,0,0,0,0,0,0,0,0,0,0,0,0,0
Callaway ,Antonio,WR,CLE,0,0,48,690,4,0,0,0,690,4,0,0,0,0,0,0,0,0,0,0,0,0,0,1
Chark ,D.J.,WR,JAC,0,0,25,400,2,0,0,0,400,2,0,0,0,0,0,0,0,0,0,0,0,0,2,0
Cobb,Randall,WR,GB,0,0,62,730,5,0,0,0,730,5,0,0,0,0,0,0,0,0,0,0,150,0,0,1
Cole,Keelan,WR,JAC,0,0,55,880,6,0,0,0,880,6,0,0,0,0,0,0,0,0,0,0,50,0,1,2
Coleman,Corey,WR,BUF,0,0,10,140,1,0,0,0,140,1,0,0,0,0,0,0,0,0,0,0,0,0,0,0
Conley ,Chris,WR,KC,0,0,15,200,1,0,0,0,200,1,0,0,0,0,0,0,0,0,0,0,0,0,0,0
Cooks,Brandin,WR,LAR,0,0,70,1100,8,0,0,0,1100,8,0,0,0,0,0,0,0,0,0,0,0,0,3,2
Cooper,Amari,WR,OAK,0,0,84,1150,8,0,0,0,1150,8,0,0,0,0,0,0,0,0,0,0,0,0,4,3
Coutee ,Keke,WR,HOU,0,0,38,600,5,0,0,0,600,5,0,0,0,0,0,0,0,0,0,0,0,0,0,0
Crabtree,Michael,WR,BAL,0,0,68,950,5,0,0,0,950,5,0,0,0,0,0,0,0,0,0,0,0,0,1,1
Crowder,Jamison,WR,WAS,0,0,75,860,5,0,0,0,860,5,0,0,0,0,0,0,0,0,0,0,200,0,2,0
Davis ,Corey,WR,TEN,0,0,65,900,6,0,0,0,900,6,0,0,0,0,0,0,0,0,0,0,0,0,1,1
Diggs,Stefon,WR,MIN,0,0,82,1040,8,0,0,0,1040,8,0,0,0,0,0,0,0,0,0,0,0,0,4,2
Doctson,Josh,WR,WAS,0,0,50,710,6,0,0,0,710,6,0,0,0,0,0,0,0,0,0,0,0,0,1,1
Dorsett,Philip,WR,NE,0,0,45,520,3,0,0,0,520,3,0,0,0,0,0,0,0,0,0,0,0,0,0,0
Edelman,Julian,WR,NE,0,0,75,800,6,0,0,0,800,6,0,0,0,0,0,0,0,0,0,0,0,0,0,0
Enunwa,Quincy,WR,NYJ,0,0,30,350,3,0,0,0,350,3,0,0,0,0,0,0,0,0,0,0,0,0,1,1
Evans,Mike,WR,TB,0,0,80,1100,9,0,0,0,1100,9,0,0,0,0,0,0,0,0,0,0,0,0,4,2
Fitzgerald,Larry,WR,ARI,0,0,90,1000,6,0,0,0,1000,6,0,0,0,0,0,0,0,0,0,0,0,0,4,0
Fuller ,Will,WR,HOU,0,0,60,960,10,0,0,0,960,10,0,0,0,0,0,0,0,0,0,0,140,0,2,3
Funchess ,Devin,WR,CAR,0,0,50,800,6,0,0,0,800,6,0,0,0,0,0,0,0,0,0,0,0,0,1,1
Gabriel ,Taylor,WR,CHI,0,0,32,460,3,0,0,0,460,3,0,0,0,0,0,0,0,0,0,0,0,0,1,0
Gallup,Michael,WR,DAL,0,0,55,750,5,0,0,0,750,5,0,0,0,0,0,0,0,0,0,0,0,0,1,0
Garcon,Pierre,WR,SF,0,0,65,830,4,0,0,0,830,4,0,0,0,0,0,0,0,0,0,0,0,0,6,4
Ginn,Ted,WR,NO,0,0,43,700,4,0,0,0,700,4,0,0,0,0,0,0,0,0,0,0,300,0,1,2
Godwin,Chris,WR,TB,0,0,55,730,4,0,0,0,730,4,0,0,0,0,0,0,0,0,0,0,0,0,1,0
Golladay,Kenny,WR,DET,0,0,49,740,6,0,0,0,740,6,0,0,0,0,0,0,0,0,0,0,100,0,1,2
Goodwin,Marquise,WR,SF,0,0,70,920,6,0,0,0,920,6,0,0,0,0,0,0,0,0,0,0,0,0,2,1
Gordon,Josh,WR,CLE,0,0,65,920,5,0,0,0,920,5,0,0,0,0,0,0,0,0,0,0,0,0,3,2
Grant,Ryan,WR,IND,0,0,50,680,4,0,0,0,680,4,0,0,0,0,0,0,0,0,0,0,0,0,0,0
Green,A.J.,WR,CIN,0,0,85,1290,8,0,0,0,1290,8,0,0,0,0,0,0,0,0,0,0,0,0,4,3
Hardy,Justin,WR,ATL,0,0,20,230,2,0,0,0,230,2,0,0,0,0,0,0,0,0,0,0,0,0,0,0
Hill,Tyreek,WR,KC,60,0,80,1180,8,0,0,0,1240,8,0,0,0,0,0,0,0,0,0,0,220,1,5,4
Hilton,T.Y.,WR,IND,0,0,80,1280,6,0,0,0,1280,6,0,0,0,0,0,0,0,0,0,0,0,0,3,3
Hogan,Chris,WR,NE,0,0,65,900,7,0,0,0,900,7,0,0,0,0,0,0,0,0,0,0,0,0,1,1
Hollins,Mack,WR,PHI,0,0,20,310,2,0,0,0,310,2,0,0,0,0,0,0,0,0,0,0,0,0,0,0
Holmes,Andre,WR,BUF,0,0,30,450,2,0,0,0,450,2,0,0,0,0,0,0,0,0,0,0,0,0,1,1
Hopkins,DeAndre,WR,HOU,0,0,105,1460,12,0,0,0,1460,12,0,0,0,0,0,0,0,0,0,0,0,0,5,2
Humphries,Adam,WR,TB,0,0,20,180,1,0,0,0,180,1,0,0,0,0,0,0,0,0,0,0,50,0,0,0
Hurns,Allen,WR,DAL,0,0,48,780,5,0,0,0,780,5,0,0,0,0,0,0,0,0,0,0,0,0,1,1
Jackson,DeSean,WR,TB,0,0,40,590,3,0,0,0,590,3,0,0,0,0,0,0,0,0,0,0,0,0,0,0
Jeffery,Alshon,WR,PHI,0,0,65,800,6,0,0,0,800,6,0,0,0,0,0,0,0,0,0,0,0,0,4,2
Jones,Julio,WR,ATL,0,0,93,1490,6,0,0,0,1490,6,0,0,0,0,0,0,0,0,0,0,0,0,3,2
Jones ,Marvin,WR,DET,0,0,64,1100,8,0,0,0,1100,8,0,0,0,0,0,0,0,0,0,0,0,0,2,2
Jones ,TJ,WR,DET,0,0,10,150,1,0,0,0,150,1,0,0,0,0,0,0,0,0,0,0,0,0,0,0
Jones ,Zay,WR,BUF,0,0,25,390,1,0,0,0,390,1,0,0,0,0,0,0,0,0,0,0,0,0,0,0
Kearse,Jermaine,WR,NYJ,0,0,55,750,4,0,0,0,750,4,0,0,0,0,0,0,0,0,0,0,0,0,1,1
Kerley,Jeremy,WR,BUF,0,0,50,560,3,0,0,0,560,3,0,0,0,0,0,0,0,0,0,0,0,0,0,1
Kirk ,Christian,WR,ARI,0,0,51,700,4,0,0,0,700,4,0,0,0,0,0,0,0,0,0,0,0,0,0,1
Kupp,Cooper,WR,LAR,0,0,65,940,7,0,0,0,940,7,0,0,0,0,0,0,0,0,0,0,0,0,2,2
Landry,Jarvis,WR,CLE,0,0,80,1080,5,0,0,0,1080,5,0,0,0,0,0,0,0,0,0,0,0,0,1,0
Latimer ,Cody,WR,NYG,0,0,20,240,2,0,0,0,240,2,0,0,0,0,0,0,0,0,0,0,100,0,0,0
Lewis,Roger,WR,NYG,0,0,10,140,1,0,0,0,140,1,0,0,0,0,0,0,0,0,0,0,100,0,0,0
Lockett,Tyler,WR,SEA,0,0,68,910,6,0,0,0,910,6,0,0,0,0,0,0,0,0,0,0,800,1,3,2
Marshall,Brandon,WR,SEA,0,0,60,750,5,0,0,0,750,5,0,0,0,0,0,0,0,0,0,0,0,0,0,0
Matthews,Rishard,WR,TEN,0,0,40,600,4,0,0,0,600,4,0,0,0,0,0,0,0,0,0,0,0,0,3,2
McKenzie,Isaiah,WR,DEN,0,0,8,120,1,0,0,0,120,1,0,0,0,0,0,0,0,0,0,0,0,0,0,0
Meredith,Cameron,WR,NO,0,0,25,320,1,0,0,0,320,1,0,0,0,0,0,0,0,0,0,0,0,0,1,0
Miller,Braxton,WR,HOU,0,0,20,140,1,0,0,0,140,1,0,0,0,0,0,0,0,0,0,0,0,0,0,0
Miller ,Anthony,WR,CHI,0,0,40,620,4,0,0,0,620,4,0,0,0,0,0,0,0,0,0,0,50,0,1,1
Moncrief ,Donte,WR,JAC,0,0,50,750,5,0,0,0,750,5,0,0,0,0,0,0,0,0,0,0,0,0,2,2
Moore,J'Mon,WR,GB,0,0,10,150,0,0,0,0,150,0,0,0,0,0,0,0,0,0,0,0,0,0,1,1
Moore ,D.J.,WR,CAR,0,0,55,800,6,0,0,0,800,6,0,0,0,0,0,0,0,0,0,0,0,0,1,1
Nelson,J. J.,WR,ARI,0,0,30,520,2,0,0,0,520,2,0,0,0,0,0,0,0,0,0,0,300,0,0,0
Nelson ,Jordy,WR,OAK,0,0,62,790,7,0,0,0,790,7,0,0,0,0,0,0,0,0,0,0,0,0,0,0
Parker,DeVante,WR,MIA,0,0,58,750,4,0,0,0,750,4,0,0,0,0,0,0,0,0,0,0,0,0,1,0
Patterson,Cordarrelle,WR,NE,0,0,22,300,1,0,0,0,300,1,0,0,0,0,0,0,0,0,0,0,0,0,0,0
Perriman,Breshad,WR,BAL,0,0,20,300,1,0,0,0,300,1,0,0,0,0,0,0,0,0,0,0,0,0,0,0
Pettis ,Dante,WR,SF,0,0,20,300,1,0,0,0,300,1,0,0,0,0,0,0,0,0,0,0,0,0,1,1
Pryor ,Terrelle,WR,NYJ,0,0,30,400,1,0,0,0,400,1,0,0,0,0,0,0,0,0,0,0,0,0,0,0
Quinn,Trey,WR,WAS,0,0,12,190,0,0,0,0,190,0,0,0,0,0,0,0,0,0,0,0,0,0,0,0
Richardson,Paul,WR,WAS,0,0,40,600,3,0,0,0,600,3,0,0,0,0,0,0,0,0,0,0,0,0,1,2
Ridley ,Calvin,WR,ATL,0,0,56,800,5,0,0,0,800,5,0,0,0,0,0,0,0,0,0,0,0,0,1,0
Robinson,Allen,WR,CHI,0,0,75,1040,8,0,0,0,1040,8,0,0,0,0,0,0,0,0,0,0,0,0,2,1
Robinson,Demarcus,WR,KC,0,0,10,120,0,0,0,0,120,0,0,0,0,0,0,0,0,0,0,0,20,0,0,0
Rogers,Chester,WR,IND,0,0,35,440,3,0,0,0,440,3,0,0,0,0,0,0,0,0,0,0,0,0,0,0
Ross,John,WR,CIN,0,0,55,800,6,0,0,0,800,6,0,0,0,0,0,0,0,0,0,0,0,0,1,1
Samuel,Curtis,WR,CAR,0,0,20,300,1,0,0,0,300,1,0,0,0,0,0,0,0,0,0,0,350,0,0,0
Sanders,Emmanuel,WR,DEN,0,0,70,910,5,0,0,0,910,5,0,0,0,0,0,0,0,0,0,0,0,0,1,1
Sanu ,Mohamed,WR,ATL,0,0,35,480,2,0,0,0,480,2,0,0,0,0,0,0,0,0,0,0,0,0,1,0
Sharpe ,Tajae,WR,TEN,0,0,25,300,2,0,0,0,300,2,0,0,0,0,0,0,0,0,0,0,0,0,0,1
Shepard ,Sterling,WR,NYG,0,0,70,920,6,0,0,0,920,6,0,0,0,0,0,0,0,0,0,0,0,0,2,1
Smith,Tre'quan,WR,NO,0,0,35,500,2,0,0,0,500,2,0,0,0,0,0,0,0,0,0,0,0,0,1,0
Smith ,Torrey,WR,CAR,0,0,28,400,2,0,0,0,400,2,0,0,0,0,0,0,0,0,0,0,0,0,0,0
Smith-Schuster,JuJu,WR,PIT,0,0,68,1010,8,0,0,0,1010,8,0,0,0,0,0,0,0,0,0,0,300,1,4,3
Snead ,Willie,WR,BAL,0,0,35,500,3,0,0,0,500,3,0,0,0,0,0,0,0,0,0,0,0,0,0,1
Stills,Kenny,WR,MIA,0,0,60,860,7,0,0, ,860,7,0,0,0,0,0,0,0,0,0,0,50,0,1,1
Sutton ,Courtland,WR,DEN,0,0,42,600,4,0,0,0,600,4,0,0,0,0,0,0,0,0,0,0,0,0,0,0
Switzer ,Ryan,WR,PIT,0,0,32,330,2,0,0,0,330,2,0,0,0,0,0,0,0,0,0,0,300,0,0,0
Tate,Golden,WR,DET,0,0,90,1180,6,0,0,0,1180,6,0,0,0,0,0,0,0,0,0,0,50,0,2,1
Taylor,Taywan,WR,TEN,0,0,50,730,5,0,0,0,730,5,0,0,0,0,0,0,0,0,0,0,0,0,0,0
Taylor,Trent,WR,SF,0,0,34,500,3,0,0,0,500,3,0,0,0,0,0,0,0,0,0,0,300,0,1,0
Thielen,Adam,WR,MIN,0,0,80,980,5,0,0,0,980,5,0,0,0,0,0,0,0,0,0,0,50,0,4,2
Thomas,Demaryius,WR,DEN,0,0,95,1200,7,0,0,0,1200,7,0,0,0,0,0,0,0,0,0,0,0,0,3,1
Thomas,Michael,WR,NO,0,0,105,1300,9,0,0,0,1300,9,0,0,0,0,0,0,0,0,0,0,0,0,3,2
Thompson,Deonte,WR,DAL,0,0,12,160,0,0,0,0,160,0,0,0,0,0,0,0,0,0,0,0,0,0,0,0
Treadwell,Laquon,WR,MIN,0,0,30,350,2,0,0,0,350,2,0,0,0,0,0,0,0,0,0,0,0,0,0,0
Wallace ,Mike,WR,PHI,0,0,42,700,5,0,0,0,700,5,0,0,0,0,0,0,0,0,0,0,0,0,0,0
Washington,James,WR,PIT,0,0,49,710,6,0,0,0,710,6,0,0,0,0,0,0,0,0,0,0,0,0,1,1
Watkins ,Sammy,WR,KC,0,0,60,950,7,0,0,0,950,7,0,0,0,0,0,0,0,0,0,0,0,0,1,1
Westbrook,Dede,WR,JAC,0,0,40,650,4,0,0,0,650,4,0,0,0,0,0,0,0,0,0,0,50,0,1,1
White,Kevin,WR,CHI,0,0,30,400,1,0,0,0,400,1,0,0,0,0,0,0,0,0,0,0,0,0,0,0
Williams,Chad,WR,ARI,0,0,15,280,1,0,0,0,280,1,0,0,0,0,0,0,0,0,0,0,0,0,0,0
Williams,Mike,WR,LAC,0,0,52,800,7,0,0,0,800,7,0,0,0,0,0,0,0,0,0,0,0,0,2,1
Williams,Terrance,WR,DAL,160,1,29,270,1,0,0,0,430,2,0,0,0,0,0,0,0,0,0,0,500,0,0,0
Williams,Tyrell,WR,LAC,0,0,60,800,4,0,0,0,800,4,0,0,0,0,0,0,0,0,0,0,0,0,2,2
Wilson ,Albert,WR,MIA,0,0,40,480,3,0,0,0,480,3,0,0,0,0,0,0,0,0,0,0,0,0,0,0
Woods ,Robert,WR,LAR,0,0,55,800,5,0,0,0,800,5,0,0,0,0,0,0,0,0,0,0,0,0,2,0
Wright ,Kendall,WR,MIN,0,0,20,280,1,0,0,0,280,1,0,0,0,0,0,0,0,0,0,0,0,0,0,0